"t [pixel] #1","x [pixel] #1","t [pixel] #2","x [pixel] #2","t [pixel] #3","x [pixel] #3","t [pixel] #4","x [pixel] #4","t [pixel] #5","x [pixel] #5","t [pixel] #6","x [pixel] #6","t [pixel] #7","x [pixel] #7","t [pixel] #8","x [pixel] #8","t [pixel] #9","x [pixel] #9","t [pixel] #10","x [pixel] #10","t [pixel] #11","x [pixel] #11","t [pixel] #12","x [pixel] #12","t [pixel] #13","x [pixel] #13","t [pixel] #14","x [pixel] #14","t [pixel] #15","x [pixel] #15","t [pixel] #16","x [pixel] #16","t [pixel] #17","x [pixel] #17","t [pixel] #18","x [pixel] #18","t [pixel] #19","x [pixel] #19","t [pixel] #20","x [pixel] #20","t [pixel] #21","x [pixel] #21","t [pixel] #22","x [pixel] #22","t [pixel] #23","x [pixel] #23","t [pixel] #24","x [pixel] #24","t [pixel] #25","x [pixel] #25","t [pixel] #26","x [pixel] #26","t [pixel] #27","x [pixel] #27","t [pixel] #28","x [pixel] #28","t [pixel] #29","x [pixel] #29"
0.2,37.6,0.4,2.4000000000000004,0.4,43.2,0.4,48.,0.4,57.6,0.4,61.6,0.4,66.4,0.4,73.60000000000001,0.4,100.80000000000001,0.4,107.2,35.2,108.,0.6000000000000001,86.4,0.6000000000000001,93.60000000000001,1.,28.,1.4000000000000001,80.,2.4000000000000004,66.4,6.6000000000000005,73.60000000000001,10.,90.4,12.600000000000001,1.6,16.2,86.4,16.8,5.6000000000000005,23.8,80.80000000000001,25.8,33.6,33.4,90.4,37.4,88.80000000000001,15.4,40.800000000000004,21.400000000000002,49.6,35.4,40.,37.2,43.2
0.4,37.6,0.6000000000000001,2.4000000000000004,0.6000000000000001,43.2,0.6000000000000001,48.,0.6000000000000001,57.6,0.6000000000000001,61.6,0.6000000000000001,67.2,0.6000000000000001,73.60000000000001,0.6000000000000001,100.80000000000001,0.6000000000000001,107.2,35.4,108.,0.8,86.4,0.8,93.60000000000001,1.2000000000000002,28.,1.6,79.2,2.6,66.4,6.800000000000001,73.60000000000001,10.200000000000001,90.4,12.8,1.6,16.400000000000002,86.4,17.,5.6000000000000005,24.,80.80000000000001,26.,33.6,33.6,90.4,37.6,88.80000000000001,15.600000000000001,41.6,21.6,50.400000000000006,35.6,39.2,37.4,44.
0.6000000000000001,37.6,0.8,2.4000000000000004,0.8,43.2,0.8,48.,0.8,57.6,0.8,61.6,0.8,67.2,0.8,74.4,0.8,100.80000000000001,0.8,107.2,35.6,108.,1.,86.4,1.,93.60000000000001,1.4000000000000001,28.,1.8,79.2,2.8000000000000003,66.4,7.,73.60000000000001,10.4,90.4,13.,1.6,16.6,86.4,17.2,5.6000000000000005,24.200000000000003,80.80000000000001,26.200000000000003,32.800000000000004,33.800000000000004,90.4,37.800000000000004,89.60000000000001,15.8,41.6,21.8,51.2,35.800000000000004,38.400000000000006,37.6,44.
0.8,37.6,1.,2.4000000000000004,1.,43.2,1.,48.,1.,57.6,1.,61.6,1.,67.2,1.,74.4,1.,100.80000000000001,1.,107.2,35.800000000000004,108.,1.2000000000000002,86.4,1.2000000000000002,93.60000000000001,1.6,28.,2.,79.2,3.,66.4,7.2,73.60000000000001,10.600000000000001,90.4,13.200000000000001,1.6,16.8,86.4,17.400000000000002,5.6000000000000005,24.400000000000002,80.80000000000001,26.400000000000002,32.800000000000004,34.,90.4,38.,89.60000000000001,16.,41.6,22.,51.2,36.,38.400000000000006,37.800000000000004,44.
1.,37.6,1.2000000000000002,2.4000000000000004,1.2000000000000002,43.2,1.2000000000000002,48.,1.2000000000000002,57.6,1.2000000000000002,61.6,1.2000000000000002,68.,1.2000000000000002,74.4,1.2000000000000002,100.80000000000001,1.2000000000000002,107.2,36.,108.,1.4000000000000001,86.4,1.4000000000000001,93.60000000000001,1.8,28.,2.2,79.2,3.2,66.4,7.4,73.60000000000001,10.8,90.4,13.4,1.6,17.,86.4,17.6,5.6000000000000005,24.6,80.80000000000001,26.6,32.800000000000004,"","",38.2,89.60000000000001,16.2,42.400000000000006,22.200000000000003,52.,36.2,38.400000000000006,38.,44.800000000000004
1.2000000000000002,37.6,1.4000000000000001,2.4000000000000004,1.4000000000000001,43.2,1.4000000000000001,48.,1.4000000000000001,57.6,1.4000000000000001,61.6,1.4000000000000001,68.,1.4000000000000001,74.4,1.4000000000000001,100.80000000000001,1.4000000000000001,107.2,36.2,108.,1.6,86.4,1.6,93.60000000000001,2.,28.,2.4000000000000004,79.2,3.4000000000000004,66.4,7.6000000000000005,73.60000000000001,"","",13.600000000000001,1.6,17.2,86.4,17.8,5.6000000000000005,24.8,80.80000000000001,26.8,32.800000000000004,"","",38.400000000000006,89.60000000000001,16.400000000000002,42.400000000000006,22.400000000000002,52.,36.4,38.400000000000006,38.2,44.800000000000004
1.4000000000000001,37.6,1.6,2.4000000000000004,1.6,43.2,1.6,48.,1.6,57.6,1.6,61.6,1.6,68.8,1.6,73.60000000000001,1.6,100.80000000000001,1.6,107.2,36.4,108.,1.8,86.4,1.8,93.60000000000001,2.2,28.,2.6,79.2,3.6,66.4,7.800000000000001,73.60000000000001,"","",13.8,1.6,17.400000000000002,86.4,18.,5.6000000000000005,25.,80.80000000000001,27.,32.800000000000004,"","",38.6,89.60000000000001,16.6,42.400000000000006,22.6,52.,36.6,38.400000000000006,38.400000000000006,45.6
1.6,38.400000000000006,1.8,2.4000000000000004,1.8,43.2,1.8,48.,1.8,57.6,1.8,61.6,1.8,69.60000000000001,1.8,73.60000000000001,1.8,100.80000000000001,1.8,107.2,36.6,108.,2.,86.4,2.,93.60000000000001,2.4000000000000004,28.,2.8000000000000003,79.2,3.8000000000000003,66.4,8.,73.60000000000001,"","",14.,1.6,17.6,86.4,18.2,6.4,25.200000000000003,80.80000000000001,27.200000000000003,32.800000000000004,"","",38.800000000000004,89.60000000000001,16.8,42.400000000000006,22.8,52.800000000000004,36.800000000000004,38.400000000000006,38.6,46.400000000000006
1.8,38.400000000000006,2.,2.4000000000000004,2.,43.2,2.,48.,2.,57.6,2.,61.6,2.,70.4,"","",2.,100.80000000000001,2.,107.2,36.800000000000004,108.,2.2,86.4,2.2,93.60000000000001,2.6,28.,3.,80.,4.,66.4,8.200000000000001,73.60000000000001,"","",14.200000000000001,1.6,17.8,86.4,18.400000000000002,6.4,25.400000000000002,80.80000000000001,27.400000000000002,32.800000000000004,"","",39.,89.60000000000001,17.,42.400000000000006,23.,52.800000000000004,37.,38.400000000000006,38.800000000000004,47.2
2.,38.400000000000006,2.2,2.4000000000000004,2.2,43.2,2.2,48.,2.2,57.6,2.2,61.6,2.2,70.4,"","",2.2,100.80000000000001,2.2,107.2,37.,108.,2.4000000000000004,86.4,2.4000000000000004,93.60000000000001,2.8000000000000003,28.,3.2,80.,4.2,66.4,8.4,73.60000000000001,"","",14.4,1.6,18.,86.4,18.6,6.4,25.6,80.80000000000001,27.6,32.800000000000004,"","",39.2,89.60000000000001,17.2,42.400000000000006,23.200000000000003,52.800000000000004,37.2,38.400000000000006,39.,47.2
2.2,38.400000000000006,2.4000000000000004,2.4000000000000004,2.4000000000000004,43.2,2.4000000000000004,48.,2.4000000000000004,57.6,2.4000000000000004,61.6,2.4000000000000004,71.2,"","",2.4000000000000004,100.80000000000001,2.4000000000000004,107.2,37.2,108.,2.6,86.4,2.6,93.60000000000001,3.,28.,3.4000000000000004,80.,4.4,66.4,8.6,73.60000000000001,"","",14.600000000000001,1.6,18.2,86.4,18.8,7.2,25.8,80.80000000000001,27.8,32.800000000000004,"","",39.400000000000006,89.60000000000001,17.400000000000002,42.400000000000006,23.400000000000002,52.800000000000004,37.4,38.400000000000006,39.2,47.2
2.4000000000000004,38.400000000000006,2.6,2.4000000000000004,2.6,43.2,2.6,48.,2.6,57.6,2.6,61.6,2.6,72.,"","",2.6,100.80000000000001,2.6,107.2,37.4,108.,2.8000000000000003,86.4,2.8000000000000003,93.60000000000001,3.2,28.,3.6,80.,4.6000000000000005,66.4,8.8,73.60000000000001,"","",14.8,1.6,18.400000000000002,86.4,19.,8.,26.,80.80000000000001,28.,32.800000000000004,"","",39.6,89.60000000000001,17.6,42.400000000000006,23.6,52.800000000000004,37.6,38.400000000000006,39.400000000000006,47.2
2.6,38.400000000000006,2.8000000000000003,2.4000000000000004,2.8000000000000003,43.2,2.8000000000000003,48.,2.8000000000000003,57.6,2.8000000000000003,61.6,2.8000000000000003,72.,"","",2.8000000000000003,100.80000000000001,2.8000000000000003,107.2,37.6,108.,3.,86.4,3.,93.60000000000001,3.4000000000000004,28.,3.8000000000000003,80.,4.800000000000001,66.4,9.,73.60000000000001,"","",15.,1.6,18.6,86.4,19.200000000000003,8.8,26.200000000000003,80.,28.200000000000003,32.800000000000004,"","",39.800000000000004,89.60000000000001,17.8,42.400000000000006,23.8,53.6,37.800000000000004,38.400000000000006,39.6,47.2
2.8000000000000003,38.400000000000006,3.,2.4000000000000004,3.,43.2,3.,47.2,3.,57.6,3.,61.6,3.,72.,"","",3.,100.80000000000001,3.,107.2,37.800000000000004,108.,3.2,86.4,3.2,93.60000000000001,3.6,28.,4.,80.,5.,66.4,9.200000000000001,73.60000000000001,"","",15.200000000000001,2.4000000000000004,18.8,87.2,19.400000000000002,8.8,26.400000000000002,80.,28.400000000000002,32.800000000000004,"","",40.,89.60000000000001,18.,42.400000000000006,24.,53.6,38.,38.400000000000006,39.800000000000004,47.2
3.,38.400000000000006,3.2,2.4000000000000004,3.2,43.2,3.2,47.2,3.2,57.6,3.2,61.6,3.2,72.,"","",3.2,100.80000000000001,3.2,107.2,38.,107.2,3.4000000000000004,86.4,3.4000000000000004,93.60000000000001,3.8000000000000003,28.8,4.2,80.,5.2,66.4,9.4,73.60000000000001,"","",15.4,2.4000000000000004,19.,87.2,19.6,9.600000000000001,26.6,80.,28.6,32.800000000000004,"","","","",18.2,42.400000000000006,24.200000000000003,53.6,38.2,39.2,40.,47.2
3.2,38.400000000000006,3.4000000000000004,2.4000000000000004,3.4000000000000004,43.2,3.4000000000000004,47.2,3.4000000000000004,57.6,3.4000000000000004,61.6,3.4000000000000004,72.,"","",3.4000000000000004,100.80000000000001,3.4000000000000004,107.2,38.2,107.2,3.6,86.4,3.6,93.60000000000001,4.,28.8,4.4,80.,5.4,66.4,9.600000000000001,73.60000000000001,"","",15.600000000000001,2.4000000000000004,19.200000000000003,87.2,19.8,10.4,26.8,80.80000000000001,28.8,32.800000000000004,"","","","",18.400000000000002,42.400000000000006,24.400000000000002,53.6,38.400000000000006,39.2,"",""
3.4000000000000004,39.2,3.6,2.4000000000000004,3.6,43.2,3.6,47.2,3.6,57.6,3.6,61.6,3.6,72.8,"","",3.6,100.80000000000001,3.6,107.2,38.400000000000006,107.2,3.8000000000000003,86.4,3.8000000000000003,93.60000000000001,4.2,28.8,4.6000000000000005,80.,5.6000000000000005,66.4,9.8,73.60000000000001,"","",15.8,2.4000000000000004,19.400000000000002,87.2,20.,11.200000000000001,27.,80.80000000000001,29.,32.800000000000004,"","","","",18.6,42.400000000000006,24.6,53.6,38.6,39.2,"",""
3.6,39.2,3.8000000000000003,2.4000000000000004,3.8000000000000003,43.2,3.8000000000000003,47.2,3.8000000000000003,57.6,3.8000000000000003,61.6,3.8000000000000003,72.8,"","",3.8000000000000003,100.80000000000001,3.8000000000000003,107.2,38.6,107.2,4.,86.4,4.,93.60000000000001,4.4,28.8,4.800000000000001,80.,5.800000000000001,66.4,10.,73.60000000000001,"","",16.,2.4000000000000004,19.6,87.2,20.200000000000003,12.,27.200000000000003,80.80000000000001,29.200000000000003,32.800000000000004,"","","","",18.8,42.400000000000006,24.8,53.6,38.800000000000004,39.2,"",""
3.8000000000000003,39.2,4.,2.4000000000000004,4.,43.2,4.,47.2,4.,57.6,4.,61.6,4.,72.8,"","",4.,100.80000000000001,4.,107.2,38.800000000000004,107.2,4.2,85.60000000000001,4.2,93.60000000000001,4.6000000000000005,28.8,5.,80.,6.,66.4,10.200000000000001,73.60000000000001,"","",16.2,2.4000000000000004,19.8,87.2,20.400000000000002,12.8,27.400000000000002,80.80000000000001,29.400000000000002,33.6,"","","","",19.,42.400000000000006,25.,53.6,39.,39.2,"",""
4.,39.2,4.2,2.4000000000000004,4.2,43.2,4.2,47.2,4.2,57.6,4.2,61.6,4.2,72.8,"","",4.2,100.80000000000001,4.2,107.2,39.,107.2,4.4,85.60000000000001,4.4,93.60000000000001,4.800000000000001,29.6,5.2,80.,6.2,66.4,10.4,73.60000000000001,"","",16.400000000000002,2.4000000000000004,20.,87.2,20.6,13.600000000000001,27.6,80.80000000000001,29.6,33.6,"","","","",19.200000000000003,42.400000000000006,25.200000000000003,53.6,39.2,39.2,"",""
4.2,39.2,4.4,2.4000000000000004,4.4,43.2,4.4,48.,4.4,57.6,4.4,61.6,4.4,73.60000000000001,"","",4.4,100.80000000000001,4.4,107.2,39.2,107.2,4.6000000000000005,85.60000000000001,4.6000000000000005,93.60000000000001,5.,29.6,5.4,80.,6.4,66.4,10.600000000000001,73.60000000000001,"","",16.6,2.4000000000000004,20.200000000000003,87.2,20.8,13.600000000000001,27.8,80.80000000000001,"","","","","","",19.400000000000002,42.400000000000006,25.400000000000002,53.6,39.400000000000006,39.2,"",""
4.4,39.2,4.6000000000000005,2.4000000000000004,4.6000000000000005,43.2,4.6000000000000005,48.,4.6000000000000005,57.6,4.6000000000000005,61.6,4.6000000000000005,73.60000000000001,"","",4.6000000000000005,100.80000000000001,4.6000000000000005,107.2,39.400000000000006,107.2,4.800000000000001,85.60000000000001,4.800000000000001,93.60000000000001,5.2,29.6,5.6000000000000005,80.,6.6000000000000005,66.4,10.8,73.60000000000001,"","",16.8,2.4000000000000004,20.400000000000002,87.2,21.,14.4,28.,80.80000000000001,"","","","","","",19.6,42.400000000000006,25.6,53.6,39.6,39.2,"",""
4.6000000000000005,39.2,4.800000000000001,2.4000000000000004,4.800000000000001,43.2,4.800000000000001,48.,4.800000000000001,57.6,4.800000000000001,61.6,4.800000000000001,73.60000000000001,"","",4.800000000000001,100.80000000000001,4.800000000000001,107.2,39.6,107.2,5.,85.60000000000001,5.,93.60000000000001,5.4,29.6,5.800000000000001,80.,6.800000000000001,66.4,11.,73.60000000000001,"","",17.,2.4000000000000004,20.6,87.2,21.200000000000003,15.200000000000001,28.200000000000003,80.80000000000001,"","","","","","",19.8,42.400000000000006,25.8,53.6,39.800000000000004,39.2,"",""
4.800000000000001,39.2,5.,2.4000000000000004,5.,43.2,5.,48.,5.,57.6,5.,62.400000000000006,5.,74.4,"","",5.,100.80000000000001,5.,107.2,39.800000000000004,107.2,5.2,85.60000000000001,5.2,93.60000000000001,5.6000000000000005,30.400000000000002,6.,80.,7.,66.4,11.200000000000001,73.60000000000001,"","",17.2,2.4000000000000004,20.8,87.2,21.400000000000002,15.200000000000001,28.400000000000002,80.80000000000001,"","","","","","",20.,42.400000000000006,26.,53.6,"","","",""
5.,39.2,5.2,2.4000000000000004,5.2,43.2,5.2,48.,5.2,57.6,5.2,62.400000000000006,5.2,74.4,"","",5.2,100.80000000000001,5.2,107.2,40.,107.2,5.4,85.60000000000001,5.4,93.60000000000001,5.800000000000001,30.400000000000002,6.2,80.,7.2,66.4,11.4,73.60000000000001,"","",17.400000000000002,2.4000000000000004,21.,87.2,21.6,16.,28.6,80.80000000000001,"","","","","","",20.200000000000003,42.400000000000006,26.200000000000003,53.6,"","","",""
5.2,39.2,5.4,2.4000000000000004,5.4,43.2,5.4,48.,5.4,57.6,5.4,62.400000000000006,5.4,75.2,"","",5.4,100.80000000000001,5.4,107.2,"","",5.6000000000000005,86.4,5.6000000000000005,93.60000000000001,6.,31.200000000000003,6.4,80.,7.4,66.4,11.600000000000001,74.4,"","",17.6,2.4000000000000004,21.200000000000003,87.2,21.8,16.8,28.8,80.80000000000001,"","","","","","",20.400000000000002,42.400000000000006,26.400000000000002,53.6,"","","",""
5.4,39.2,5.6000000000000005,2.4000000000000004,5.6000000000000005,43.2,5.6000000000000005,48.,5.6000000000000005,57.6,5.6000000000000005,62.400000000000006,5.6000000000000005,75.2,"","",5.6000000000000005,100.80000000000001,5.6000000000000005,107.2,"","",5.800000000000001,86.4,5.800000000000001,93.60000000000001,6.2,31.200000000000003,6.6000000000000005,80.,7.6000000000000005,66.4,11.8,74.4,"","",17.8,2.4000000000000004,21.400000000000002,87.2,"","",29.,80.80000000000001,"","","","","","",20.6,41.6,26.6,53.6,"","","",""
5.6000000000000005,39.2,5.800000000000001,2.4000000000000004,5.800000000000001,43.2,5.800000000000001,48.,5.800000000000001,58.400000000000006,5.800000000000001,62.400000000000006,5.800000000000001,76.,"","",5.800000000000001,100.80000000000001,5.800000000000001,107.2,"","",6.,86.4,6.,93.60000000000001,6.4,32.,6.800000000000001,80.,7.800000000000001,66.4,12.,74.4,"","",18.,2.4000000000000004,21.6,87.2,"","",29.200000000000003,80.80000000000001,"","","","","","",20.8,40.800000000000004,26.8,53.6,"","","",""
5.800000000000001,39.2,6.,2.4000000000000004,6.,43.2,6.,48.,6.,58.400000000000006,6.,62.400000000000006,6.,76.,"","",6.,100.80000000000001,6.,107.2,"","",6.2,86.4,6.2,93.60000000000001,6.6000000000000005,32.,"","",8.,66.4,12.200000000000001,74.4,"","",18.2,2.4000000000000004,21.8,87.2,"","",29.400000000000002,80.80000000000001,"","","","","","",21.,40.800000000000004,27.,53.6,"","","",""
6.,39.2,6.2,2.4000000000000004,6.2,43.2,6.2,48.,6.2,58.400000000000006,6.2,62.400000000000006,6.2,76.80000000000001,"","",6.2,100.80000000000001,6.2,107.2,"","",6.4,86.4,6.4,93.60000000000001,6.800000000000001,32.,"","",8.200000000000001,66.4,12.4,74.4,"","",18.400000000000002,2.4000000000000004,22.,87.2,"","",29.6,80.80000000000001,"","","","","","",21.200000000000003,40.800000000000004,27.200000000000003,53.6,"","","",""
6.2,39.2,6.4,2.4000000000000004,6.4,43.2,6.4,47.2,6.4,58.400000000000006,6.4,62.400000000000006,6.4,76.80000000000001,"","",6.4,100.80000000000001,6.4,107.2,"","",6.6000000000000005,86.4,6.6000000000000005,93.60000000000001,7.,32.800000000000004,"","",8.4,66.4,12.600000000000001,74.4,"","",18.6,2.4000000000000004,22.200000000000003,87.2,"","",29.8,80.80000000000001,"","","","","","",21.400000000000002,40.800000000000004,27.400000000000002,53.6,"","","",""
6.4,39.2,6.6000000000000005,2.4000000000000004,6.6000000000000005,43.2,6.6000000000000005,47.2,6.6000000000000005,58.400000000000006,6.6000000000000005,62.400000000000006,6.6000000000000005,76.80000000000001,"","",6.6000000000000005,100.80000000000001,6.6000000000000005,107.2,"","",6.800000000000001,86.4,6.800000000000001,93.60000000000001,7.2,32.800000000000004,"","",8.6,66.4,12.8,74.4,"","",18.8,2.4000000000000004,22.400000000000002,87.2,"","",30.,80.80000000000001,"","","","","","",21.6,40.800000000000004,27.6,53.6,"","","",""
6.6000000000000005,39.2,6.800000000000001,2.4000000000000004,6.800000000000001,43.2,6.800000000000001,47.2,6.800000000000001,58.400000000000006,6.800000000000001,62.400000000000006,6.800000000000001,76.80000000000001,"","",6.800000000000001,100.80000000000001,6.800000000000001,107.2,"","",7.,86.4,7.,93.60000000000001,7.4,32.800000000000004,"","",8.8,66.4,13.,74.4,"","",19.,2.4000000000000004,22.6,87.2,"","",30.200000000000003,80.80000000000001,"","","","","","",21.8,40.800000000000004,27.8,53.6,"","","",""
6.800000000000001,39.2,7.,2.4000000000000004,7.,43.2,7.,47.2,7.,58.400000000000006,7.,62.400000000000006,7.,76.80000000000001,"","",7.,100.80000000000001,7.,107.2,"","",7.2,86.4,7.2,93.60000000000001,7.6000000000000005,32.800000000000004,"","",9.,66.4,13.200000000000001,74.4,"","",19.200000000000003,2.4000000000000004,22.8,87.2,"","",30.400000000000002,80.80000000000001,"","","","","","",22.,40.800000000000004,28.,53.6,"","","",""
7.,39.2,7.2,2.4000000000000004,7.2,43.2,7.2,47.2,7.2,58.400000000000006,7.2,62.400000000000006,7.2,77.60000000000001,"","",7.2,100.80000000000001,7.2,107.2,"","",7.4,86.4,7.4,93.60000000000001,7.800000000000001,32.800000000000004,"","",9.200000000000001,66.4,13.4,74.4,"","",19.400000000000002,2.4000000000000004,23.,87.2,"","",30.6,80.80000000000001,"","","","","","",22.200000000000003,40.800000000000004,28.200000000000003,53.6,"","","",""
7.2,39.2,7.4,2.4000000000000004,7.4,43.2,7.4,47.2,7.4,58.400000000000006,7.4,62.400000000000006,7.4,77.60000000000001,"","",7.4,100.80000000000001,7.4,107.2,"","",7.6000000000000005,86.4,7.6000000000000005,93.60000000000001,8.,32.800000000000004,"","",9.4,66.4,13.600000000000001,74.4,"","",19.6,2.4000000000000004,23.200000000000003,86.4,"","",30.8,80.80000000000001,"","","","","","",22.400000000000002,40.800000000000004,28.400000000000002,53.6,"","","",""
7.4,39.2,7.6000000000000005,2.4000000000000004,7.6000000000000005,43.2,7.6000000000000005,47.2,7.6000000000000005,58.400000000000006,7.6000000000000005,62.400000000000006,7.6000000000000005,77.60000000000001,"","",7.6000000000000005,100.80000000000001,7.6000000000000005,107.2,"","",7.800000000000001,86.4,7.800000000000001,93.60000000000001,8.200000000000001,32.800000000000004,"","",9.600000000000001,66.4,13.8,74.4,"","",19.8,2.4000000000000004,23.400000000000002,86.4,"","",31.,80.80000000000001,"","","","","","",22.6,40.800000000000004,28.6,54.400000000000006,"","","",""
7.6000000000000005,39.2,7.800000000000001,2.4000000000000004,7.800000000000001,43.2,7.800000000000001,47.2,7.800000000000001,58.400000000000006,7.800000000000001,62.400000000000006,7.800000000000001,77.60000000000001,"","",7.800000000000001,100.80000000000001,7.800000000000001,107.2,"","",8.,86.4,8.,93.60000000000001,8.4,32.800000000000004,"","",9.8,66.4,14.,74.4,"","",20.,2.4000000000000004,23.6,86.4,"","",31.200000000000003,80.80000000000001,"","","","","","",22.8,40.800000000000004,28.8,54.400000000000006,"","","",""
7.800000000000001,39.2,8.,2.4000000000000004,8.,43.2,8.,47.2,8.,58.400000000000006,8.,62.400000000000006,8.,78.4,"","",8.,100.80000000000001,8.,107.2,"","",8.200000000000001,86.4,8.200000000000001,93.60000000000001,8.6,32.800000000000004,"","",10.,66.4,14.200000000000001,74.4,"","",20.200000000000003,2.4000000000000004,23.8,86.4,"","",31.400000000000002,80.80000000000001,"","","","","","",23.,40.800000000000004,29.,54.400000000000006,"","","",""
8.,39.2,8.200000000000001,2.4000000000000004,8.200000000000001,43.2,8.200000000000001,47.2,8.200000000000001,58.400000000000006,8.200000000000001,62.400000000000006,8.200000000000001,79.2,"","",8.200000000000001,100.80000000000001,8.200000000000001,107.2,"","",8.4,86.4,8.4,93.60000000000001,8.8,32.800000000000004,"","",10.200000000000001,66.4,14.4,74.4,"","",20.400000000000002,2.4000000000000004,24.,86.4,"","","","","","","","","","",23.200000000000003,40.800000000000004,29.200000000000003,55.2,"","","",""
8.200000000000001,39.2,8.4,2.4000000000000004,8.4,42.400000000000006,8.4,47.2,8.4,58.400000000000006,8.4,62.400000000000006,8.4,79.2,"","",8.4,100.80000000000001,8.4,107.2,"","",8.6,86.4,8.6,93.60000000000001,9.,32.800000000000004,"","",10.4,66.4,14.600000000000001,74.4,"","",20.6,2.4000000000000004,24.200000000000003,86.4,"","","","","","","","","","",23.400000000000002,40.800000000000004,29.400000000000002,56.,"","","",""
8.4,39.2,8.6,2.4000000000000004,8.6,42.400000000000006,8.6,47.2,8.6,58.400000000000006,"","",8.6,79.2,"","",8.6,100.80000000000001,8.6,107.2,"","",8.8,86.4,8.8,93.60000000000001,9.200000000000001,32.800000000000004,"","",10.600000000000001,66.4,14.8,74.4,"","",20.8,2.4000000000000004,24.400000000000002,86.4,"","","","","","","","","","",23.6,40.800000000000004,29.6,56.,"","","",""
8.6,39.2,8.8,2.4000000000000004,8.8,42.400000000000006,8.8,47.2,8.8,58.400000000000006,"","",8.8,80.,"","",8.8,100.80000000000001,8.8,107.2,"","",9.,86.4,9.,93.60000000000001,9.4,32.800000000000004,"","",10.8,66.4,15.,74.4,"","",21.,2.4000000000000004,24.6,86.4,"","","","","","","","","","",23.8,40.800000000000004,29.8,56.,"","","",""
8.8,39.2,9.,2.4000000000000004,9.,42.400000000000006,9.,47.2,9.,59.2,"","",9.,80.,"","",9.,100.80000000000001,9.,107.2,"","",9.200000000000001,86.4,9.200000000000001,93.60000000000001,9.600000000000001,32.800000000000004,"","",11.,66.4,15.200000000000001,74.4,"","",21.200000000000003,2.4000000000000004,24.8,86.4,"","","","","","","","","","",24.,40.800000000000004,30.,55.2,"","","",""
9.,39.2,9.200000000000001,2.4000000000000004,9.200000000000001,42.400000000000006,9.200000000000001,47.2,9.200000000000001,59.2,"","",9.200000000000001,80.80000000000001,"","",9.200000000000001,100.80000000000001,9.200000000000001,107.2,"","",9.4,86.4,9.4,93.60000000000001,9.8,32.800000000000004,"","",11.200000000000001,66.4,15.4,74.4,"","",21.400000000000002,2.4000000000000004,25.,86.4,"","","","","","","","","","",24.200000000000003,40.800000000000004,30.200000000000003,55.2,"","","",""
9.200000000000001,39.2,9.4,2.4000000000000004,9.4,42.400000000000006,9.4,47.2,9.4,59.2,"","",9.4,80.80000000000001,"","",9.4,100.80000000000001,9.4,107.2,"","",9.600000000000001,86.4,9.600000000000001,93.60000000000001,10.,33.6,"","",11.4,66.4,15.600000000000001,74.4,"","",21.6,2.4000000000000004,25.200000000000003,86.4,"","","","","","","","","","",24.400000000000002,40.800000000000004,30.400000000000002,55.2,"","","",""
9.4,39.2,9.600000000000001,1.6,9.600000000000001,42.400000000000006,9.600000000000001,47.2,9.600000000000001,59.2,"","",9.600000000000001,81.60000000000001,"","",9.600000000000001,100.80000000000001,9.600000000000001,107.2,"","",9.8,86.4,9.8,93.60000000000001,10.200000000000001,33.6,"","",11.600000000000001,66.4,15.8,74.4,"","",21.8,2.4000000000000004,25.400000000000002,86.4,"","","","","","","","","","",24.6,40.800000000000004,30.6,54.400000000000006,"","","",""
9.600000000000001,39.2,9.8,1.6,9.8,42.400000000000006,9.8,47.2,9.8,59.2,"","",9.8,81.60000000000001,"","",9.8,100.80000000000001,9.8,107.2,"","",10.,86.4,10.,93.60000000000001,10.4,33.6,"","",11.8,66.4,16.,74.4,"","",22.,2.4000000000000004,25.6,86.4,"","","","","","","","","","",24.8,40.800000000000004,30.8,54.400000000000006,"","","",""
9.8,39.2,10.,1.6,10.,42.400000000000006,10.,47.2,10.,59.2,"","",10.,82.4,"","",10.,100.80000000000001,10.,107.2,"","",10.200000000000001,86.4,10.200000000000001,93.60000000000001,10.600000000000001,33.6,"","",12.,66.4,16.2,74.4,"","",22.200000000000003,2.4000000000000004,25.8,86.4,"","","","","","","","","","",25.,40.800000000000004,31.,54.400000000000006,"","","",""
10.,39.2,10.200000000000001,1.6,10.200000000000001,42.400000000000006,10.200000000000001,47.2,10.200000000000001,60.,"","",10.200000000000001,82.4,"","",10.200000000000001,100.80000000000001,10.200000000000001,107.2,"","",10.4,86.4,10.4,93.60000000000001,10.8,33.6,"","",12.200000000000001,66.4,16.400000000000002,74.4,"","",22.400000000000002,2.4000000000000004,26.,86.4,"","","","","","","","","","",25.200000000000003,40.800000000000004,31.200000000000003,54.400000000000006,"","","",""
10.200000000000001,39.2,10.4,1.6,10.4,42.400000000000006,10.4,47.2,10.4,60.,"","",10.4,82.4,"","",10.4,100.80000000000001,10.4,107.2,"","",10.600000000000001,86.4,10.600000000000001,93.60000000000001,11.,33.6,"","",12.4,66.4,16.6,74.4,"","",22.6,2.4000000000000004,26.200000000000003,86.4,"","","","","","","","","","",25.400000000000002,40.800000000000004,31.400000000000002,54.400000000000006,"","","",""
10.4,39.2,10.600000000000001,1.6,10.600000000000001,42.400000000000006,10.600000000000001,47.2,10.600000000000001,60.,"","",10.600000000000001,83.2,"","",10.600000000000001,100.80000000000001,10.600000000000001,107.2,"","",10.8,85.60000000000001,10.8,93.60000000000001,11.200000000000001,33.6,"","",12.600000000000001,66.4,16.8,74.4,"","",22.8,2.4000000000000004,26.400000000000002,86.4,"","","","","","","","","","",25.6,40.800000000000004,31.6,54.400000000000006,"","","",""
10.600000000000001,39.2,10.8,1.6,10.8,42.400000000000006,10.8,47.2,10.8,60.,"","",10.8,84.,"","",10.8,100.80000000000001,10.8,107.2,"","",11.,84.80000000000001,11.,93.60000000000001,11.4,34.4,"","",12.8,66.4,17.,74.4,"","",23.,2.4000000000000004,26.6,86.4,"","","","","","","","","","",25.8,40.800000000000004,31.8,54.400000000000006,"","","",""
10.8,39.2,11.,1.6,11.,42.400000000000006,11.,47.2,11.,60.,"","",11.,84.80000000000001,"","",11.,100.80000000000001,11.,107.2,"","","","",11.200000000000001,93.60000000000001,11.600000000000001,34.4,"","",13.,66.4,17.2,74.4,"","",23.200000000000003,2.4000000000000004,26.8,86.4,"","","","","","","","","","",26.,40.800000000000004,32.,54.400000000000006,"","","",""
11.,39.2,11.200000000000001,1.6,11.200000000000001,42.400000000000006,11.200000000000001,48.,11.200000000000001,60.,"","",11.200000000000001,84.80000000000001,"","",11.200000000000001,100.80000000000001,11.200000000000001,107.2,"","","","",11.4,93.60000000000001,11.8,34.4,"","",13.200000000000001,66.4,17.400000000000002,74.4,"","",23.400000000000002,2.4000000000000004,27.,86.4,"","","","","","","","","","",26.200000000000003,40.800000000000004,32.2,54.400000000000006,"","","",""
11.200000000000001,39.2,11.4,1.6,11.4,42.400000000000006,11.4,48.,11.4,60.,"","",11.4,85.60000000000001,"","",11.4,100.80000000000001,11.4,107.2,"","","","",11.600000000000001,93.60000000000001,12.,35.2,"","",13.4,66.4,17.6,74.4,"","",23.6,2.4000000000000004,27.200000000000003,86.4,"","","","","","","","","","",26.400000000000002,40.800000000000004,32.4,54.400000000000006,"","","",""
11.4,39.2,11.600000000000001,2.4000000000000004,11.600000000000001,42.400000000000006,11.600000000000001,48.,11.600000000000001,60.,"","",11.600000000000001,85.60000000000001,"","",11.600000000000001,100.80000000000001,11.600000000000001,107.2,"","","","",11.8,93.60000000000001,12.200000000000001,35.2,"","",13.600000000000001,66.4,17.8,74.4,"","",23.8,2.4000000000000004,27.400000000000002,86.4,"","","","","","","","","","",26.6,40.800000000000004,32.6,54.400000000000006,"","","",""
11.600000000000001,39.2,11.8,3.2,11.8,42.400000000000006,11.8,48.,11.8,60.,"","",11.8,86.4,"","",11.8,100.80000000000001,11.8,107.2,"","","","",12.,93.60000000000001,12.4,35.2,"","",13.8,66.4,18.,74.4,"","",24.,2.4000000000000004,27.6,86.4,"","","","","","","","","","",26.8,40.800000000000004,32.800000000000004,54.400000000000006,"","","",""
11.8,39.2,12.,4.,12.,42.400000000000006,12.,48.,12.,60.,"","",12.,86.4,"","",12.,100.80000000000001,12.,107.2,"","","","",12.200000000000001,93.60000000000001,12.600000000000001,35.2,"","",14.,66.4,18.2,74.4,"","",24.200000000000003,2.4000000000000004,27.8,86.4,"","","","","","","","","","",27.,40.800000000000004,33.,54.400000000000006,"","","",""
12.,39.2,12.200000000000001,4.800000000000001,12.200000000000001,42.400000000000006,12.200000000000001,48.,12.200000000000001,60.,"","",12.200000000000001,86.4,"","",12.200000000000001,100.80000000000001,12.200000000000001,107.2,"","","","",12.4,93.60000000000001,"","","","",14.200000000000001,66.4,18.400000000000002,74.4,"","",24.400000000000002,2.4000000000000004,28.,86.4,"","","","","","","","","","",27.200000000000003,40.800000000000004,33.2,54.400000000000006,"","","",""
12.200000000000001,39.2,12.4,5.6000000000000005,12.4,42.400000000000006,12.4,48.,12.4,60.,"","",12.4,86.4,"","",12.4,100.80000000000001,12.4,107.2,"","","","",12.600000000000001,93.60000000000001,"","","","",14.4,66.4,18.6,73.60000000000001,"","",24.6,2.4000000000000004,28.200000000000003,86.4,"","","","","","","","","","",27.400000000000002,40.800000000000004,33.4,54.400000000000006,"","","",""
12.4,39.2,12.600000000000001,5.6000000000000005,12.600000000000001,42.400000000000006,12.600000000000001,48.,12.600000000000001,60.,"","",12.600000000000001,86.4,"","",12.600000000000001,100.80000000000001,12.600000000000001,107.2,"","","","",12.8,93.60000000000001,"","","","",14.600000000000001,66.4,18.8,73.60000000000001,"","",24.8,2.4000000000000004,28.400000000000002,86.4,"","","","","","","","","","",27.6,40.800000000000004,33.6,54.400000000000006,"","","",""
12.600000000000001,39.2,12.8,6.4,12.8,42.400000000000006,12.8,48.,12.8,60.,"","",12.8,86.4,"","",12.8,100.80000000000001,12.8,107.2,"","","","",13.,93.60000000000001,"","","","",14.8,66.4,19.,73.60000000000001,"","",25.,2.4000000000000004,28.6,86.4,"","","","","","","","","","",27.8,40.800000000000004,33.800000000000004,54.400000000000006,"","","",""
12.8,39.2,13.,7.2,13.,42.400000000000006,13.,48.,13.,60.,"","",13.,87.2,"","",13.,100.80000000000001,13.,107.2,"","","","",13.200000000000001,93.60000000000001,"","","","",15.,66.4,19.200000000000003,73.60000000000001,"","",25.200000000000003,2.4000000000000004,28.8,86.4,"","","","","","","","","","",28.,40.800000000000004,34.,54.400000000000006,"","","",""
13.,39.2,13.200000000000001,8.,13.200000000000001,42.400000000000006,13.200000000000001,48.,13.200000000000001,60.,"","",13.200000000000001,87.2,"","",13.200000000000001,100.80000000000001,13.200000000000001,107.2,"","","","",13.4,93.60000000000001,"","","","",15.200000000000001,66.4,19.400000000000002,73.60000000000001,"","",25.400000000000002,2.4000000000000004,29.,86.4,"","","","","","","","","","",28.200000000000003,40.800000000000004,34.2,54.400000000000006,"","","",""
13.200000000000001,39.2,13.4,9.600000000000001,13.4,41.6,13.4,48.,13.4,60.,"","",13.4,87.2,"","",13.4,100.80000000000001,13.4,107.2,"","","","",13.600000000000001,93.60000000000001,"","","","",15.4,66.4,19.6,73.60000000000001,"","",25.6,2.4000000000000004,29.200000000000003,86.4,"","","","","","","","","","",28.400000000000002,40.800000000000004,34.4,54.400000000000006,"","","",""
13.4,39.2,13.600000000000001,10.4,13.600000000000001,41.6,13.600000000000001,48.,13.600000000000001,60.,"","",13.600000000000001,87.2,"","",13.600000000000001,100.80000000000001,13.600000000000001,107.2,"","","","",13.8,93.60000000000001,"","","","",15.600000000000001,66.4,19.8,73.60000000000001,"","",25.8,2.4000000000000004,29.400000000000002,86.4,"","","","","","","","","","",28.6,40.800000000000004,34.6,54.400000000000006,"","","",""
13.600000000000001,39.2,13.8,11.200000000000001,13.8,41.6,13.8,48.,13.8,60.,"","",13.8,87.2,"","",13.8,100.80000000000001,13.8,107.2,"","","","",14.,93.60000000000001,"","","","",15.8,66.4,20.,73.60000000000001,"","",26.,2.4000000000000004,29.6,86.4,"","","","","","","","","","",28.8,40.800000000000004,34.800000000000004,54.400000000000006,"","","",""
13.8,39.2,14.,12.,14.,40.800000000000004,14.,48.,14.,60.,"","",14.,87.2,"","",14.,100.80000000000001,14.,107.2,"","","","",14.200000000000001,93.60000000000001,"","","","",16.,66.4,20.200000000000003,73.60000000000001,"","",26.200000000000003,2.4000000000000004,29.8,86.4,"","","","","","","","","","",29.,40.800000000000004,35.,54.400000000000006,"","","",""
14.,39.2,14.200000000000001,12.8,"","",14.200000000000001,48.,14.200000000000001,60.,"","",14.200000000000001,87.2,"","",14.200000000000001,100.80000000000001,14.200000000000001,107.2,"","","","",14.4,93.60000000000001,"","","","",16.2,66.4,20.400000000000002,73.60000000000001,"","",26.400000000000002,2.4000000000000004,30.,86.4,"","","","","","","","","","",29.200000000000003,40.800000000000004,35.2,54.400000000000006,"","","",""
14.200000000000001,40.,14.4,13.600000000000001,"","",14.4,48.,14.4,60.,"","",14.4,87.2,"","",14.4,100.80000000000001,14.4,107.2,"","","","",14.600000000000001,93.60000000000001,"","","","",16.400000000000002,66.4,20.6,73.60000000000001,"","",26.6,2.4000000000000004,30.200000000000003,86.4,"","","","","","","","","","",29.400000000000002,40.800000000000004,35.4,54.400000000000006,"","","",""
14.4,40.,14.600000000000001,13.600000000000001,"","",14.600000000000001,48.,14.600000000000001,60.,"","",14.600000000000001,88.,"","",14.600000000000001,100.80000000000001,14.600000000000001,107.2,"","","","",14.8,93.60000000000001,"","","","",16.6,66.4,20.8,73.60000000000001,"","",26.8,2.4000000000000004,30.400000000000002,86.4,"","","","","","","","","","",29.6,40.800000000000004,35.6,54.400000000000006,"","","",""
14.600000000000001,40.,14.8,14.4,"","",14.8,48.,14.8,60.,"","",14.8,88.,"","",14.8,100.80000000000001,14.8,107.2,"","","","",15.,93.60000000000001,"","","","",16.8,66.4,21.,73.60000000000001,"","",27.,2.4000000000000004,30.6,86.4,"","","","","","","","","","",29.8,40.800000000000004,35.800000000000004,54.400000000000006,"","","",""
14.8,40.,15.,15.200000000000001,"","",15.,48.,15.,60.,"","",15.,88.,"","",15.,100.80000000000001,15.,107.2,"","","","",15.200000000000001,93.60000000000001,"","","","",17.,66.4,21.200000000000003,73.60000000000001,"","",27.200000000000003,2.4000000000000004,30.8,86.4,"","","","","","","","","","",30.,40.800000000000004,36.,54.400000000000006,"","","",""
15.,40.,15.200000000000001,15.200000000000001,"","",15.200000000000001,48.,15.200000000000001,60.,"","",15.200000000000001,88.,"","",15.200000000000001,100.80000000000001,15.200000000000001,107.2,"","","","",15.4,92.80000000000001,"","","","",17.2,66.4,21.400000000000002,73.60000000000001,"","",27.400000000000002,2.4000000000000004,31.,86.4,"","","","","","","","","","",30.200000000000003,40.800000000000004,36.2,54.400000000000006,"","","",""
15.200000000000001,40.,15.4,16.,"","",15.4,48.,15.4,60.,"","",15.4,88.,"","",15.4,100.80000000000001,15.4,107.2,"","","","",15.600000000000001,92.80000000000001,"","","","",17.400000000000002,65.60000000000001,21.6,73.60000000000001,"","",27.6,2.4000000000000004,31.200000000000003,86.4,"","","","","","","","","","",30.400000000000002,40.800000000000004,36.4,54.400000000000006,"","","",""
15.4,40.,15.600000000000001,16.8,"","",15.600000000000001,48.,15.600000000000001,60.,"","",15.600000000000001,88.80000000000001,"","",15.600000000000001,100.80000000000001,15.600000000000001,107.2,"","","","",15.8,92.80000000000001,"","","","",17.6,65.60000000000001,21.8,74.4,"","",27.8,2.4000000000000004,31.400000000000002,86.4,"","","","","","","","","","",30.6,40.800000000000004,36.6,54.400000000000006,"","","",""
15.600000000000001,39.2,15.8,17.6,"","",15.8,48.,15.8,60.,"","",15.8,88.80000000000001,"","",15.8,100.80000000000001,15.8,107.2,"","","","",16.,92.80000000000001,"","","","",17.8,65.60000000000001,22.,75.2,"","",28.,2.4000000000000004,31.6,86.4,"","","","","","","","","","",30.8,40.800000000000004,36.800000000000004,54.400000000000006,"","","",""
15.8,39.2,16.,17.6,"","",16.,48.,16.,60.,"","",16.,88.80000000000001,"","",16.,100.80000000000001,16.,107.2,"","","","",16.2,92.80000000000001,"","","","",18.,65.60000000000001,22.200000000000003,75.2,"","",28.200000000000003,2.4000000000000004,31.8,86.4,"","","","","","","","","","",31.,40.800000000000004,37.,54.400000000000006,"","","",""
16.,39.2,16.2,18.400000000000002,"","",16.2,48.,16.2,60.,"","",16.2,88.80000000000001,"","",16.2,100.80000000000001,16.2,107.2,"","","","",16.400000000000002,92.80000000000001,"","","","",18.2,65.60000000000001,22.400000000000002,75.2,"","",28.400000000000002,2.4000000000000004,32.,86.4,"","","","","","","","","","",31.200000000000003,40.800000000000004,37.2,54.400000000000006,"","","",""
16.2,39.2,16.400000000000002,19.200000000000003,"","",16.400000000000002,48.,16.400000000000002,60.,"","",16.400000000000002,89.60000000000001,"","",16.400000000000002,100.80000000000001,16.400000000000002,107.2,"","","","",16.6,92.80000000000001,"","","","",18.400000000000002,65.60000000000001,22.6,75.2,"","",28.6,2.4000000000000004,32.2,86.4,"","","","","","","","","","",31.400000000000002,40.800000000000004,37.4,54.400000000000006,"","","",""
16.400000000000002,39.2,16.6,19.200000000000003,"","",16.6,48.,16.6,60.,"","",16.6,89.60000000000001,"","",16.6,100.80000000000001,16.6,107.2,"","","","",16.8,92.80000000000001,"","","","",18.6,65.60000000000001,22.8,75.2,"","",28.8,2.4000000000000004,32.4,86.4,"","","","","","","","","","",31.6,40.800000000000004,37.6,54.400000000000006,"","","",""
16.6,39.2,16.8,20.,"","",16.8,48.,16.8,60.,"","",16.8,89.60000000000001,"","",16.8,100.80000000000001,16.8,108.,"","","","",17.,92.80000000000001,"","","","",18.8,65.60000000000001,23.,75.2,"","",29.,2.4000000000000004,32.6,86.4,"","","","","","","","","","",31.8,40.800000000000004,37.800000000000004,54.400000000000006,"","","",""
16.8,39.2,17.,20.,"","",17.,48.,17.,60.,"","",17.,89.60000000000001,"","",17.,100.80000000000001,17.,108.,"","","","",17.2,93.60000000000001,"","","","",19.,65.60000000000001,23.200000000000003,75.2,"","",29.200000000000003,2.4000000000000004,32.800000000000004,87.2,"","","","","","","","","","",32.,40.800000000000004,38.,54.400000000000006,"","","",""
17.,39.2,17.2,20.,"","",17.2,48.,17.2,60.,"","",17.2,90.4,"","",17.2,100.80000000000001,17.2,108.,"","","","",17.400000000000002,93.60000000000001,"","","","",19.200000000000003,65.60000000000001,23.400000000000002,75.2,"","",29.400000000000002,2.4000000000000004,33.,87.2,"","","","","","","","","","",32.2,40.800000000000004,38.2,54.400000000000006,"","","",""
17.2,39.2,17.400000000000002,20.,"","",17.400000000000002,48.,17.400000000000002,60.,"","",17.400000000000002,90.4,"","",17.400000000000002,100.80000000000001,17.400000000000002,108.,"","","","",17.6,93.60000000000001,"","","","",19.400000000000002,65.60000000000001,23.6,75.2,"","",29.6,2.4000000000000004,33.2,87.2,"","","","","","","","","","",32.4,40.800000000000004,38.400000000000006,54.400000000000006,"","","",""
17.400000000000002,39.2,17.6,20.,"","",17.6,48.,17.6,60.,"","",17.6,90.4,"","",17.6,100.80000000000001,17.6,108.,"","","","",17.8,93.60000000000001,"","","","",19.6,65.60000000000001,23.8,75.2,"","",29.8,2.4000000000000004,33.4,86.4,"","","","","","","","","","",32.6,40.800000000000004,38.6,54.400000000000006,"","","",""
17.6,39.2,17.8,20.,"","",17.8,48.,17.8,60.,"","",17.8,90.4,"","",17.8,100.80000000000001,17.8,108.,"","","","","","","","","","",19.8,65.60000000000001,24.,75.2,"","",30.,2.4000000000000004,33.6,86.4,"","","","","","","","","","",32.800000000000004,40.800000000000004,38.800000000000004,54.400000000000006,"","","",""
17.8,39.2,18.,20.,"","",18.,48.,18.,60.,"","",18.,90.4,"","",18.,100.80000000000001,18.,108.,"","","","","","","","","","",20.,65.60000000000001,24.200000000000003,75.2,"","",30.200000000000003,2.4000000000000004,33.800000000000004,86.4,"","","","","","","","","","",33.,40.800000000000004,39.,54.400000000000006,"","","",""
18.,39.2,18.2,20.,"","",18.2,48.,18.2,60.,"","",18.2,91.2,"","",18.2,100.80000000000001,18.2,108.,"","","","","","","","","","",20.200000000000003,65.60000000000001,24.400000000000002,75.2,"","",30.400000000000002,2.4000000000000004,34.,86.4,"","","","","","","","","","",33.2,40.800000000000004,39.2,54.400000000000006,"","","",""
18.2,39.2,18.400000000000002,20.,"","",18.400000000000002,48.,18.400000000000002,60.,"","",18.400000000000002,91.2,"","",18.400000000000002,100.80000000000001,18.400000000000002,108.,"","","","","","","","","","",20.400000000000002,65.60000000000001,24.6,75.2,"","",30.6,2.4000000000000004,34.2,86.4,"","","","","","","","","","",33.4,40.800000000000004,39.400000000000006,54.400000000000006,"","","",""
18.400000000000002,39.2,18.6,20.,"","",18.6,48.,18.6,60.,"","",18.6,91.2,"","",18.6,100.80000000000001,18.6,108.,"","","","","","","","","","",20.6,65.60000000000001,24.8,75.2,"","",30.8,2.4000000000000004,34.4,86.4,"","","","","","","","","","",33.6,40.800000000000004,39.6,54.400000000000006,"","","",""
18.6,39.2,18.8,20.,"","",18.8,48.,18.8,60.,"","",18.8,91.2,"","",18.8,100.80000000000001,18.8,108.,"","","","","","","","","","",20.8,65.60000000000001,25.,74.4,"","",31.,2.4000000000000004,34.6,86.4,"","","","","","","","","","",33.800000000000004,40.800000000000004,39.800000000000004,54.400000000000006,"","","",""
18.8,39.2,19.,20.,"","",19.,48.,19.,60.,"","",19.,92.,"","",19.,100.80000000000001,19.,108.,"","","","","","","","","","",21.,65.60000000000001,25.200000000000003,74.4,"","",31.200000000000003,2.4000000000000004,34.800000000000004,86.4,"","","","","","","","","","",34.,40.800000000000004,"","","","","",""
19.,39.2,19.200000000000003,20.,"","",19.200000000000003,48.,19.200000000000003,60.,"","",19.200000000000003,92.,"","",19.200000000000003,100.80000000000001,19.200000000000003,108.,"","","","","","","","","","",21.200000000000003,65.60000000000001,25.400000000000002,74.4,"","",31.400000000000002,2.4000000000000004,35.,87.2,"","","","","","","","","","",34.2,40.800000000000004,"","","","","",""
19.200000000000003,39.2,19.400000000000002,20.,"","",19.400000000000002,48.,19.400000000000002,60.,"","",19.400000000000002,92.,"","",19.400000000000002,100.80000000000001,19.400000000000002,108.,"","","","","","","","","","",21.400000000000002,65.60000000000001,25.6,74.4,"","",31.6,2.4000000000000004,35.2,87.2,"","","","","","","","","","",34.4,40.,"","","","","",""
19.400000000000002,39.2,19.6,20.,"","",19.6,48.800000000000004,19.6,60.,"","",19.6,92.,"","",19.6,100.80000000000001,19.6,108.,"","","","","","","","","","",21.6,65.60000000000001,25.8,73.60000000000001,"","",31.8,2.4000000000000004,35.4,87.2,"","","","","","","","","","",34.6,40.,"","","","","",""
19.6,39.2,19.8,20.8,"","",19.8,48.800000000000004,19.8,60.,"","",19.8,92.,"","",19.8,100.80000000000001,19.8,107.2,"","","","","","","","","","",21.8,65.60000000000001,26.,73.60000000000001,"","",32.,2.4000000000000004,35.6,87.2,"","","","","","","","","","",34.800000000000004,40.,"","","","","",""
19.8,39.2,20.,20.8,"","",20.,48.800000000000004,20.,60.,"","",20.,92.,"","",20.,100.80000000000001,20.,107.2,"","","","","","","","","","",22.,65.60000000000001,26.200000000000003,73.60000000000001,"","",32.2,2.4000000000000004,35.800000000000004,87.2,"","","","","","","","","","",35.,40.,"","","","","",""
20.,39.2,20.200000000000003,20.8,"","",20.200000000000003,48.800000000000004,20.200000000000003,60.,"","",20.200000000000003,92.,"","",20.200000000000003,100.80000000000001,20.200000000000003,107.2,"","","","","","","","","","",22.200000000000003,65.60000000000001,26.400000000000002,73.60000000000001,"","",32.4,2.4000000000000004,36.,87.2,"","","","","","","","","","",35.2,40.,"","","","","",""
20.200000000000003,39.2,20.400000000000002,20.8,"","",20.400000000000002,48.800000000000004,20.400000000000002,60.,"","",20.400000000000002,92.,"","",20.400000000000002,100.80000000000001,20.400000000000002,107.2,"","","","","","","","","","",22.400000000000002,65.60000000000001,26.6,73.60000000000001,"","",32.6,2.4000000000000004,36.2,87.2,"","","","","","","","","","",35.4,40.800000000000004,"","","","","",""
20.400000000000002,39.2,20.6,20.8,"","",20.6,48.,20.6,60.,"","",20.6,92.,"","",20.6,100.80000000000001,20.6,107.2,"","","","","","","","","","",22.6,65.60000000000001,26.8,73.60000000000001,"","",32.800000000000004,1.6,36.4,87.2,"","","","","","","","","","",35.6,41.6,"","","","","",""
20.6,40.,20.8,20.8,"","",20.8,48.,20.8,60.,"","",20.8,92.,"","",20.8,100.80000000000001,20.8,107.2,"","","","","","","","","","",22.8,65.60000000000001,27.,74.4,"","",33.,1.6,36.6,87.2,"","","","","","","","","","",35.800000000000004,42.400000000000006,"","","","","",""
"","",21.,20.8,"","",21.,48.800000000000004,21.,59.2,"","",21.,92.,"","",21.,100.80000000000001,21.,108.,"","","","","","","","","","",23.,65.60000000000001,27.200000000000003,74.4,"","",33.2,1.6,36.800000000000004,87.2,"","","","","","","","","","",36.,42.400000000000006,"","","","","",""
"","",21.200000000000003,20.8,"","",21.200000000000003,48.800000000000004,21.200000000000003,59.2,"","",21.200000000000003,92.,"","",21.200000000000003,100.80000000000001,21.200000000000003,108.,"","","","","","","","","","",23.200000000000003,65.60000000000001,27.400000000000002,73.60000000000001,"","",33.4,1.6,37.,87.2,"","","","","","","","","","",36.2,42.400000000000006,"","","","","",""
"","",21.400000000000002,20.8,"","",21.400000000000002,48.800000000000004,21.400000000000002,59.2,"","",21.400000000000002,92.,"","",21.400000000000002,100.80000000000001,21.400000000000002,108.,"","","","","","","","","","",23.400000000000002,65.60000000000001,27.6,73.60000000000001,"","",33.6,1.6,37.2,88.,"","","","","","","","","","",36.4,42.400000000000006,"","","","","",""
"","",21.6,20.8,"","",21.6,48.,21.6,59.2,"","",21.6,92.,"","",21.6,100.80000000000001,21.6,108.,"","","","","","","","","","",23.6,65.60000000000001,27.8,73.60000000000001,"","",33.800000000000004,1.6,37.4,87.2,"","","","","","","","","","",36.6,42.400000000000006,"","","","","",""
"","",21.8,21.6,"","",21.8,48.,21.8,58.400000000000006,"","",21.8,92.,"","",21.8,100.80000000000001,21.8,108.,"","","","","","","","","","",23.8,65.60000000000001,28.,74.4,"","",34.,2.4000000000000004,37.6,87.2,"","","","","","","","","","",36.800000000000004,42.400000000000006,"","","","","",""
"","",22.,21.6,"","",22.,48.,22.,58.400000000000006,"","",22.,92.,"","",22.,100.80000000000001,22.,108.,"","","","","","","","","","",24.,65.60000000000001,28.200000000000003,74.4,"","",34.2,2.4000000000000004,37.800000000000004,87.2,"","","","","","","","","","",37.,42.400000000000006,"","","","","",""
"","",22.200000000000003,21.6,"","",22.200000000000003,48.,22.200000000000003,58.400000000000006,"","",22.200000000000003,92.,"","",22.200000000000003,100.80000000000001,22.200000000000003,108.,"","","","","","","","","","",24.200000000000003,65.60000000000001,28.400000000000002,73.60000000000001,"","",34.4,2.4000000000000004,38.,87.2,"","","","","","","","","","",37.2,42.400000000000006,"","","","","",""
"","",22.400000000000002,21.6,"","",22.400000000000002,48.,22.400000000000002,58.400000000000006,"","",22.400000000000002,92.,"","",22.400000000000002,100.80000000000001,22.400000000000002,108.,"","","","","","","","","","",24.400000000000002,65.60000000000001,28.6,73.60000000000001,"","",34.6,2.4000000000000004,38.2,87.2,"","","","","","","","","","",37.4,41.6,"","","","","",""
"","",22.6,21.6,"","",22.6,48.,22.6,58.400000000000006,"","",22.6,92.,"","",22.6,100.80000000000001,22.6,108.,"","","","","","","","","","",24.6,65.60000000000001,28.8,73.60000000000001,"","",34.800000000000004,2.4000000000000004,38.400000000000006,87.2,"","","","","","","","","","",37.6,41.6,"","","","","",""
"","",22.8,21.6,"","",22.8,48.,22.8,58.400000000000006,"","",22.8,92.,"","",22.8,100.80000000000001,22.8,108.,"","","","","","","","","","",24.8,64.8,29.,74.4,"","",35.,2.4000000000000004,"","","","","","","","","","","","",37.800000000000004,41.6,"","","","","",""
"","",23.,22.400000000000002,"","",23.,48.,23.,58.400000000000006,"","",23.,92.,"","",23.,101.60000000000001,23.,108.,"","","","","","","","","","",25.,64.8,29.200000000000003,74.4,"","",35.2,2.4000000000000004,"","","","","","","","","","","","",38.,40.800000000000004,"","","","","",""
"","",23.200000000000003,23.200000000000003,"","",23.200000000000003,48.,23.200000000000003,58.400000000000006,"","",23.200000000000003,92.,"","",23.200000000000003,101.60000000000001,23.200000000000003,108.,"","","","","","","","","","",25.200000000000003,64.8,29.400000000000002,74.4,"","",35.4,2.4000000000000004,"","","","","","","","","","","","",38.2,40.,"","","","","",""
"","",23.400000000000002,23.200000000000003,"","",23.400000000000002,48.,23.400000000000002,58.400000000000006,"","",23.400000000000002,92.,"","",23.400000000000002,101.60000000000001,23.400000000000002,108.,"","","","","","","","","","",25.400000000000002,64.8,29.6,74.4,"","",35.6,2.4000000000000004,"","","","","","","","","","","","",38.400000000000006,39.2,"","","","","",""
"","",23.6,24.,"","",23.6,48.,23.6,58.400000000000006,"","",23.6,92.,"","",23.6,101.60000000000001,23.6,108.,"","","","","","","","","","",25.6,65.60000000000001,29.8,74.4,"","",35.800000000000004,1.6,"","","","","","","","","","","","",38.6,39.2,"","","","","",""
"","",23.8,24.,"","",23.8,48.,23.8,58.400000000000006,"","",23.8,92.,"","",23.8,101.60000000000001,23.8,108.,"","","","","","","","","","",25.8,64.8,30.,74.4,"","",36.,1.6,"","","","","","","","","","","","",38.800000000000004,39.2,"","","","","",""
"","",24.,24.,"","",24.,48.,24.,58.400000000000006,"","",24.,92.,"","",24.,101.60000000000001,24.,108.,"","","","","","","","","","",26.,64.8,30.200000000000003,74.4,"","",36.2,1.6,"","","","","","","","","","","","",39.,39.2,"","","","","",""
"","",24.200000000000003,24.,"","",24.200000000000003,48.,24.200000000000003,58.400000000000006,"","",24.200000000000003,92.,"","",24.200000000000003,101.60000000000001,24.200000000000003,108.,"","","","","","","","","","",26.200000000000003,64.8,30.400000000000002,74.4,"","",36.4,1.6,"","","","","","","","","","","","",39.2,39.2,"","","","","",""
"","",24.400000000000002,24.,"","",24.400000000000002,48.,24.400000000000002,58.400000000000006,"","",24.400000000000002,92.,"","",24.400000000000002,101.60000000000001,24.400000000000002,108.,"","","","","","","","","","",26.400000000000002,64.8,30.6,74.4,"","",36.6,1.6,"","","","","","","","","","","","",39.400000000000006,39.2,"","","","","",""
"","",24.6,24.8,"","",24.6,48.,24.6,58.400000000000006,"","",24.6,92.,"","",24.6,101.60000000000001,24.6,108.,"","","","","","","","","","",26.6,64.8,30.8,74.4,"","",36.800000000000004,2.4000000000000004,"","","","","","","","","","","","",39.6,39.2,"","","","","",""
"","",24.8,24.8,"","",24.8,48.,24.8,58.400000000000006,"","",24.8,92.,"","",24.8,101.60000000000001,24.8,108.,"","","","","","","","","","",26.8,64.8,31.,74.4,"","",37.,2.4000000000000004,"","","","","","","","","","","","",39.800000000000004,39.2,"","","","","",""
"","",25.,24.8,"","",25.,48.,25.,58.400000000000006,"","",25.,92.,"","",25.,101.60000000000001,25.,108.,"","","","","","","","","","",27.,64.8,31.200000000000003,75.2,"","",37.2,2.4000000000000004,"","","","","","","","","","","","","","","","","","","",""
"","",25.200000000000003,24.8,"","",25.200000000000003,48.,25.200000000000003,58.400000000000006,"","",25.200000000000003,92.,"","",25.200000000000003,101.60000000000001,25.200000000000003,108.,"","","","","","","","","","",27.200000000000003,64.8,31.400000000000002,75.2,"","",37.4,2.4000000000000004,"","","","","","","","","","","","","","","","","","","",""
"","",25.400000000000002,24.8,"","",25.400000000000002,48.,25.400000000000002,58.400000000000006,"","",25.400000000000002,92.,"","",25.400000000000002,101.60000000000001,25.400000000000002,108.,"","","","","","","","","","",27.400000000000002,64.8,31.6,75.2,"","",37.6,2.4000000000000004,"","","","","","","","","","","","","","","","","","","",""
"","",25.6,24.8,"","",25.6,48.,25.6,58.400000000000006,"","",25.6,92.,"","",25.6,101.60000000000001,25.6,108.,"","","","","","","","","","",27.6,64.8,31.8,75.2,"","",37.800000000000004,2.4000000000000004,"","","","","","","","","","","","","","","","","","","",""
"","",25.8,24.8,"","",25.8,48.,25.8,58.400000000000006,"","",25.8,92.,"","",25.8,101.60000000000001,25.8,108.,"","","","","","","","","","",27.8,64.8,32.,75.2,"","",38.,2.4000000000000004,"","","","","","","","","","","","","","","","","","","",""
"","",26.,24.8,"","",26.,48.,26.,58.400000000000006,"","",26.,92.,"","",26.,101.60000000000001,26.,108.,"","","","","","","","","","",28.,64.8,32.2,75.2,"","",38.2,2.4000000000000004,"","","","","","","","","","","","","","","","","","","",""
"","",26.200000000000003,24.8,"","",26.200000000000003,48.,26.200000000000003,58.400000000000006,"","",26.200000000000003,92.,"","",26.200000000000003,101.60000000000001,26.200000000000003,108.,"","","","","","","","","","",28.200000000000003,64.8,32.4,74.4,"","",38.400000000000006,3.2,"","","","","","","","","","","","","","","","","","","",""
"","",26.400000000000002,24.8,"","",26.400000000000002,48.,26.400000000000002,58.400000000000006,"","",26.400000000000002,92.,"","",26.400000000000002,101.60000000000001,26.400000000000002,108.,"","","","","","","","","","",28.400000000000002,64.8,32.6,74.4,"","",38.6,3.2,"","","","","","","","","","","","","","","","","","","",""
"","",26.6,24.8,"","",26.6,48.,26.6,58.400000000000006,"","",26.6,92.,"","",26.6,101.60000000000001,26.6,108.,"","","","","","","","","","",28.6,64.8,32.800000000000004,74.4,"","",38.800000000000004,4.,"","","","","","","","","","","","","","","","","","","",""
"","",26.8,25.6,"","",26.8,48.,26.8,58.400000000000006,"","",26.8,92.,"","",26.8,101.60000000000001,26.8,108.,"","","","","","","","","","",28.8,64.8,33.,74.4,"","","","","","","","","","","","","","","","","","","","","","","",""
"","",27.,25.6,"","",27.,48.,27.,57.6,"","",27.,92.,"","",27.,101.60000000000001,27.,108.,"","","","","","","","","","",29.,64.8,33.2,74.4,"","","","","","","","","","","","","","","","","","","","","","","",""
"","",27.200000000000003,26.400000000000002,"","",27.200000000000003,48.,27.200000000000003,57.6,"","",27.200000000000003,92.,"","",27.200000000000003,101.60000000000001,27.200000000000003,108.,"","","","","","","","","","",29.200000000000003,64.8,33.4,74.4,"","","","","","","","","","","","","","","","","","","","","","","",""
"","",27.400000000000002,26.400000000000002,"","",27.400000000000002,48.,27.400000000000002,57.6,"","",27.400000000000002,92.,"","",27.400000000000002,101.60000000000001,27.400000000000002,108.,"","","","","","","","","","",29.400000000000002,64.8,33.6,74.4,"","","","","","","","","","","","","","","","","","","","","","","",""
"","",27.6,26.400000000000002,"","",27.6,48.,27.6,57.6,"","",27.6,92.,"","",27.6,101.60000000000001,27.6,108.,"","","","","","","","","","",29.6,64.8,33.800000000000004,74.4,"","","","","","","","","","","","","","","","","","","","","","","",""
"","",27.8,27.200000000000003,"","",27.8,48.,27.8,57.6,"","",27.8,92.,"","",27.8,101.60000000000001,27.8,108.,"","","","","","","","","","",29.8,64.8,34.,74.4,"","","","","","","","","","","","","","","","","","","","","","","",""
"","",28.,27.200000000000003,"","",28.,48.,28.,57.6,"","",28.,92.,"","",28.,101.60000000000001,28.,108.,"","","","","","","","","","",30.,64.8,34.2,74.4,"","","","","","","","","","","","","","","","","","","","","","","",""
"","",28.200000000000003,27.200000000000003,"","",28.200000000000003,48.,28.200000000000003,57.6,"","",28.200000000000003,92.,"","",28.200000000000003,101.60000000000001,28.200000000000003,108.,"","","","","","","","","","",30.200000000000003,64.8,34.4,74.4,"","","","","","","","","","","","","","","","","","","","","","","",""
"","",28.400000000000002,27.200000000000003,"","",28.400000000000002,48.,28.400000000000002,57.6,"","",28.400000000000002,92.,"","",28.400000000000002,101.60000000000001,28.400000000000002,108.,"","","","","","","","","","",30.400000000000002,64.8,34.6,74.4,"","","","","","","","","","","","","","","","","","","","","","","",""
"","",28.6,28.,"","",28.6,48.,28.6,57.6,"","",28.6,92.,"","",28.6,101.60000000000001,28.6,108.,"","","","","","","","","","",30.6,64.8,34.800000000000004,74.4,"","","","","","","","","","","","","","","","","","","","","","","",""
"","",28.8,28.,"","",28.8,48.,28.8,57.6,"","",28.8,92.,"","",28.8,101.60000000000001,28.8,108.,"","","","","","","","","","",30.8,65.60000000000001,35.,74.4,"","","","","","","","","","","","","","","","","","","","","","","",""
"","",29.,28.8,"","",29.,48.,29.,57.6,"","",29.,92.,"","",29.,101.60000000000001,29.,108.,"","","","","","","","","","",31.,65.60000000000001,35.2,74.4,"","","","","","","","","","","","","","","","","","","","","","","",""
"","",29.200000000000003,28.8,"","",29.200000000000003,48.,29.200000000000003,56.800000000000004,"","",29.200000000000003,92.,"","",29.200000000000003,101.60000000000001,29.200000000000003,108.,"","","","","","","","","","",31.200000000000003,65.60000000000001,35.4,74.4,"","","","","","","","","","","","","","","","","","","","","","","",""
"","",29.400000000000002,28.8,"","",29.400000000000002,48.,29.400000000000002,56.,"","",29.400000000000002,92.,"","",29.400000000000002,101.60000000000001,29.400000000000002,108.,"","","","","","","","","","",31.400000000000002,65.60000000000001,35.6,74.4,"","","","","","","","","","","","","","","","","","","","","","","",""
"","",29.6,29.6,"","",29.6,48.,29.6,56.,"","",29.6,92.,"","",29.6,101.60000000000001,29.6,108.,"","","","","","","","","","",31.6,65.60000000000001,35.800000000000004,74.4,"","","","","","","","","","","","","","","","","","","","","","","",""
"","",29.8,29.6,"","",29.8,48.,29.8,56.,"","",29.8,92.,"","",29.8,101.60000000000001,29.8,108.,"","","","","","","","","","",31.8,65.60000000000001,36.,74.4,"","","","","","","","","","","","","","","","","","","","","","","",""
"","",30.,30.400000000000002,"","",30.,48.,30.,56.800000000000004,"","",30.,92.,"","",30.,101.60000000000001,30.,108.,"","","","","","","","","","",32.,65.60000000000001,36.2,74.4,"","","","","","","","","","","","","","","","","","","","","","","",""
"","",30.200000000000003,31.200000000000003,"","",30.200000000000003,48.,30.200000000000003,57.6,"","",30.200000000000003,92.,"","",30.200000000000003,101.60000000000001,30.200000000000003,108.,"","","","","","","","","","",32.2,65.60000000000001,36.4,74.4,"","","","","","","","","","","","","","","","","","","","","","","",""
"","",30.400000000000002,31.200000000000003,"","",30.400000000000002,48.,30.400000000000002,57.6,"","",30.400000000000002,92.,"","",30.400000000000002,101.60000000000001,30.400000000000002,108.,"","","","","","","","","","",32.4,65.60000000000001,36.6,74.4,"","","","","","","","","","","","","","","","","","","","","","","",""
"","",30.6,32.,"","",30.6,48.,30.6,57.6,"","",30.6,92.,"","",30.6,101.60000000000001,30.6,108.,"","","","","","","","","","",32.6,65.60000000000001,36.800000000000004,74.4,"","","","","","","","","","","","","","","","","","","","","","","",""
"","",30.8,32.,"","",30.8,48.,30.8,57.6,"","",30.8,92.,"","",30.8,101.60000000000001,30.8,108.,"","","","","","","","","","",32.800000000000004,65.60000000000001,37.,74.4,"","","","","","","","","","","","","","","","","","","","","","","",""
"","",31.,32.800000000000004,"","",31.,48.,31.,57.6,"","",31.,92.,"","",31.,101.60000000000001,31.,108.,"","","","","","","","","","",33.,65.60000000000001,37.2,74.4,"","","","","","","","","","","","","","","","","","","","","","","",""
"","",31.200000000000003,32.800000000000004,"","",31.200000000000003,48.,31.200000000000003,57.6,"","",31.200000000000003,92.,"","",31.200000000000003,101.60000000000001,31.200000000000003,108.,"","","","","","","","","","",33.2,65.60000000000001,37.4,74.4,"","","","","","","","","","","","","","","","","","","","","","","",""
"","",31.400000000000002,32.800000000000004,"","",31.400000000000002,48.,31.400000000000002,57.6,"","",31.400000000000002,92.80000000000001,"","",31.400000000000002,101.60000000000001,31.400000000000002,108.,"","","","","","","","","","",33.4,65.60000000000001,37.6,74.4,"","","","","","","","","","","","","","","","","","","","","","","",""
"","",31.6,32.800000000000004,"","",31.6,48.,31.6,57.6,"","",31.6,92.80000000000001,"","",31.6,101.60000000000001,31.6,108.,"","","","","","","","","","",33.6,65.60000000000001,37.800000000000004,74.4,"","","","","","","","","","","","","","","","","","","","","","","",""
"","",31.8,33.6,"","",31.8,48.,31.8,57.6,"","",31.8,92.80000000000001,"","",31.8,101.60000000000001,31.8,108.,"","","","","","","","","","",33.800000000000004,64.8,38.,74.4,"","","","","","","","","","","","","","","","","","","","","","","",""
"","",32.,33.6,"","",32.,48.,32.,57.6,"","",32.,92.80000000000001,"","",32.,101.60000000000001,32.,108.,"","","","","","","","","","",34.,64.8,38.2,74.4,"","","","","","","","","","","","","","","","","","","","","","","",""
"","",32.2,33.6,"","",32.2,48.,32.2,57.6,"","",32.2,92.80000000000001,"","",32.2,101.60000000000001,32.2,108.,"","","","","","","","","","",34.2,64.8,38.400000000000006,74.4,"","","","","","","","","","","","","","","","","","","","","","","",""
"","",32.4,34.4,"","",32.4,48.,32.4,57.6,"","",32.4,92.80000000000001,"","",32.4,101.60000000000001,32.4,108.,"","","","","","","","","","",34.4,64.,38.6,74.4,"","","","","","","","","","","","","","","","","","","","","","","",""
"","",32.6,34.4,"","",32.6,48.,32.6,57.6,"","",32.6,92.80000000000001,"","",32.6,101.60000000000001,32.6,108.,"","","","","","","","","","",34.6,64.,38.800000000000004,74.4,"","","","","","","","","","","","","","","","","","","","","","","",""
"","",32.800000000000004,34.4,"","",32.800000000000004,48.,32.800000000000004,57.6,"","",32.800000000000004,92.80000000000001,"","",32.800000000000004,101.60000000000001,32.800000000000004,108.,"","","","","","","","","","",34.800000000000004,64.,39.,74.4,"","","","","","","","","","","","","","","","","","","","","","","",""
"","",33.,34.4,"","",33.,48.,33.,57.6,"","",33.,92.80000000000001,"","",33.,101.60000000000001,33.,108.,"","","","","","","","","","",35.,64.,39.2,74.4,"","","","","","","","","","","","","","","","","","","","","","","",""
"","",33.2,35.2,"","",33.2,48.,33.2,57.6,"","",33.2,92.80000000000001,"","",33.2,101.60000000000001,"","","","","","","","","","","","",35.2,64.,39.400000000000006,74.4,"","","","","","","","","","","","","","","","","","","","","","","",""
"","",33.4,35.2,"","",33.4,48.,33.4,57.6,"","",33.4,92.80000000000001,"","",33.4,101.60000000000001,"","","","","","","","","","","","",35.4,64.,39.6,74.4,"","","","","","","","","","","","","","","","","","","","","","","",""
"","",33.6,36.,"","",33.6,48.,33.6,57.6,"","",33.6,92.80000000000001,"","",33.6,101.60000000000001,"","","","","","","","","","","","",35.6,64.,39.800000000000004,74.4,"","","","","","","","","","","","","","","","","","","","","","","",""
"","",33.800000000000004,36.800000000000004,"","",33.800000000000004,48.,33.800000000000004,57.6,"","",33.800000000000004,92.80000000000001,"","",33.800000000000004,101.60000000000001,"","","","","","","","","","","","",35.800000000000004,64.,"","","","","","","","","","","","","","","","","","","","","","","","","",""
"","",34.,37.6,"","",34.,48.,34.,57.6,"","",34.,92.80000000000001,"","",34.,101.60000000000001,"","","","","","","","","","","","",36.,64.,"","","","","","","","","","","","","","","","","","","","","","","","","",""
"","",34.2,38.400000000000006,"","",34.2,48.,34.2,57.6,"","",34.2,92.80000000000001,"","",34.2,101.60000000000001,"","","","","","","","","","","","",36.2,64.,"","","","","","","","","","","","","","","","","","","","","","","","","",""
"","",34.4,39.2,"","",34.4,48.,34.4,57.6,"","",34.4,92.80000000000001,"","",34.4,101.60000000000001,"","","","","","","","","","","","",36.4,64.,"","","","","","","","","","","","","","","","","","","","","","","","","",""
"","","","","","",34.6,48.,34.6,57.6,"","",34.6,92.80000000000001,"","",34.6,101.60000000000001,"","","","","","","","","","","","",36.6,64.,"","","","","","","","","","","","","","","","","","","","","","","","","",""
"","","","","","",34.800000000000004,48.,34.800000000000004,57.6,"","",34.800000000000004,92.80000000000001,"","",34.800000000000004,101.60000000000001,"","","","","","","","","","","","",36.800000000000004,64.,"","","","","","","","","","","","","","","","","","","","","","","","","",""
"","","","","","",35.,48.,35.,57.6,"","",35.,92.80000000000001,"","",35.,101.60000000000001,"","","","","","","","","","","","",37.,64.,"","","","","","","","","","","","","","","","","","","","","","","","","",""
"","","","","","",35.2,48.,35.2,57.6,"","",35.2,92.80000000000001,"","",35.2,101.60000000000001,"","","","","","","","","","","","",37.2,64.,"","","","","","","","","","","","","","","","","","","","","","","","","",""
"","","","","","",35.4,48.,35.4,57.6,"","",35.4,92.80000000000001,"","",35.4,101.60000000000001,"","","","","","","","","","","","",37.4,64.,"","","","","","","","","","","","","","","","","","","","","","","","","",""
"","","","","","",35.6,48.,35.6,57.6,"","",35.6,92.80000000000001,"","",35.6,101.60000000000001,"","","","","","","","","","","","",37.6,64.,"","","","","","","","","","","","","","","","","","","","","","","","","",""
"","","","","","",35.800000000000004,48.,35.800000000000004,57.6,"","",35.800000000000004,92.80000000000001,"","",35.800000000000004,101.60000000000001,"","","","","","","","","","","","",37.800000000000004,64.,"","","","","","","","","","","","","","","","","","","","","","","","","",""
"","","","","","",36.,48.,36.,57.6,"","",36.,92.80000000000001,"","",36.,101.60000000000001,"","","","","","","","","","","","",38.,64.,"","","","","","","","","","","","","","","","","","","","","","","","","",""
"","","","","","",36.2,48.,36.2,58.400000000000006,"","",36.2,92.80000000000001,"","",36.2,101.60000000000001,"","","","","","","","","","","","",38.2,64.,"","","","","","","","","","","","","","","","","","","","","","","","","",""
"","","","","","",36.4,48.,36.4,58.400000000000006,"","",36.4,92.80000000000001,"","",36.4,101.60000000000001,"","","","","","","","","","","","",38.400000000000006,64.,"","","","","","","","","","","","","","","","","","","","","","","","","",""
"","","","","","",36.6,48.,36.6,58.400000000000006,"","",36.6,92.80000000000001,"","",36.6,101.60000000000001,"","","","","","","","","","","","",38.6,64.,"","","","","","","","","","","","","","","","","","","","","","","","","",""
"","","","","","",36.800000000000004,48.,36.800000000000004,58.400000000000006,"","",36.800000000000004,92.80000000000001,"","",36.800000000000004,101.60000000000001,"","","","","","","","","","","","",38.800000000000004,64.,"","","","","","","","","","","","","","","","","","","","","","","","","",""
"","","","","","",37.,47.2,37.,58.400000000000006,"","",37.,92.80000000000001,"","",37.,101.60000000000001,"","","","","","","","","","","","",39.,64.,"","","","","","","","","","","","","","","","","","","","","","","","","",""
"","","","","","",37.2,47.2,37.2,58.400000000000006,"","",37.2,92.80000000000001,"","",37.2,101.60000000000001,"","","","","","","","","","","","",39.2,64.,"","","","","","","","","","","","","","","","","","","","","","","","","",""
"","","","","","",37.4,47.2,37.4,58.400000000000006,"","",37.4,92.80000000000001,"","",37.4,101.60000000000001,"","","","","","","","","","","","",39.400000000000006,64.,"","","","","","","","","","","","","","","","","","","","","","","","","",""
"","","","","","",37.6,47.2,37.6,58.400000000000006,"","",37.6,92.80000000000001,"","",37.6,101.60000000000001,"","","","","","","","","","","","",39.6,64.,"","","","","","","","","","","","","","","","","","","","","","","","","",""
"","","","","","",37.800000000000004,47.2,37.800000000000004,58.400000000000006,"","",37.800000000000004,92.80000000000001,"","",37.800000000000004,101.60000000000001,"","","","","","","","","","","","",39.800000000000004,64.,"","","","","","","","","","","","","","","","","","","","","","","","","",""
"","","","","","",38.,47.2,38.,58.400000000000006,"","",38.,92.80000000000001,"","",38.,101.60000000000001,"","","","","","","","","","","","","","","","","","","","","","","","","","","","","","","","","","","","","","","",""
"","","","","","",38.2,47.2,38.2,58.400000000000006,"","",38.2,92.80000000000001,"","",38.2,101.60000000000001,"","","","","","","","","","","","","","","","","","","","","","","","","","","","","","","","","","","","","","","",""
"","","","","","",38.400000000000006,46.400000000000006,38.400000000000006,58.400000000000006,"","",38.400000000000006,92.80000000000001,"","",38.400000000000006,101.60000000000001,"","","","","","","","","","","","","","","","","","","","","","","","","","","","","","","","","","","","","","","",""
"","","","","","",38.6,47.2,38.6,58.400000000000006,"","",38.6,92.80000000000001,"","",38.6,101.60000000000001,"","","","","","","","","","","","","","","","","","","","","","","","","","","","","","","","","","","","","","","",""
"","","","","","",38.800000000000004,47.2,38.800000000000004,58.400000000000006,"","",38.800000000000004,92.80000000000001,"","",38.800000000000004,101.60000000000001,"","","","","","","","","","","","","","","","","","","","","","","","","","","","","","","","","","","","","","","",""
"","","","","","",39.,47.2,39.,58.400000000000006,"","",39.,92.80000000000001,"","",39.,101.60000000000001,"","","","","","","","","","","","","","","","","","","","","","","","","","","","","","","","","","","","","","","",""
"","","","","","",39.2,47.2,39.2,58.400000000000006,"","",39.2,92.80000000000001,"","",39.2,101.60000000000001,"","","","","","","","","","","","","","","","","","","","","","","","","","","","","","","","","","","","","","","",""
"","","","","","",39.400000000000006,47.2,39.400000000000006,58.400000000000006,"","",39.400000000000006,92.80000000000001,"","",39.400000000000006,101.60000000000001,"","","","","","","","","","","","","","","","","","","","","","","","","","","","","","","","","","","","","","","",""
"","","","","","",39.6,47.2,39.6,58.400000000000006,"","",39.6,92.80000000000001,"","",39.6,101.60000000000001,"","","","","","","","","","","","","","","","","","","","","","","","","","","","","","","","","","","","","","","",""
"","","","","","",39.800000000000004,47.2,39.800000000000004,58.400000000000006,"","",39.800000000000004,92.80000000000001,"","",39.800000000000004,101.60000000000001,"","","","","","","","","","","","","","","","","","","","","","","","","","","","","","","","","","","","","","","",""
"","","","","","",40.,47.2,40.,58.400000000000006,"","",40.,92.80000000000001,"","",40.,101.60000000000001,"","","","","","","","","","","","","","","","","","","","","","","","","","","","","","","","","","","","","","","",""
